original_text,source,pornografi,sara,radikalisme,pencemaran_nama_baik
"1.BUKAN CuMa SPANDUK PROF,VIDEO2 ORASI MEREKA, BUKU2 MEREKA dan lain lain. ITU udah SaNGAT jelas. SaYa HERAN SaMa RaKYAT2 YanG MASIH TOLOL.Udah Jelas2 ADA NIAT DaRi HTI YanG INGIN TEGAKKAN KHILAFAH & GANTI NKRI MASIH NGELES GAK ADA. LAH MAU TEGAKKAN KHILAFAH AJA MUNAFIK.APANYA KHILAFAH?",twitter,0,0,1,1
gua sange  ' gatel yah tetek ' memek Y di ranjang tempat tidur di kamar sambil telanjang bugil mantap banget tuh bunda gede banget tuh lebat ga yah bulu jembut,twitter,1,0,0,0
Pertama kali denger lagunya enak bangitu in dan pengen praktekin gerakannya...eh langsung hafal gua lagunya..karena enak di denger mungkin langsung pada hafal lagunya. Bakalan viral in,instagram,0,0,0,0
"astajim, ini pasti yang kasih penghargaan ke ibu sri adalah antek asing wahyudi, dan minta ha disholatin bangke nye 
",kaskus,0,0,0,1
"beda kalo disini kalo komplain langsung di bully sama  disini.. maka nya kl disini FR nya harus yang bagus2 gan
",kaskus,0,0,0,0
" kalo keberagamannya ada tapi ga dianggep, banyak tapi dilupain, ada tapi dirusak, gimana ? Papua aja mungkin sebentar lagi pisah",twitter,0,0,0,0
Anehnya anak ini RT emosi jiwa bangsat anjing tai babi brengsek pakbis ngehe shit kontol banteng sepong tok ...,twitter,1,0,0,1
yupss setuju .. bodoamat  tetangga sebelah bilang pencitraan karena faktanya  semenjak jadi walikota pun dia udah sederhana banget,instagram,0,0,0,0
"JAKARTA- Poling Kebijakan Publik (PPP),  melakukan  survei nasional yang dilakukan antara 25 juni dan 27 juni terhadap pemilih Partai Republik, hasilnya menakjubkan 97% persen dari Partai Republik ingin mengubah Konstitusi, dan menetapkan Kristen sebagai agama resmi nasional.  Hanya 3 persen menentang menjadikan agama Kristen sebagai agama nasional. Partai Republik tampaknya tidak ada keraguan mengubah Amerika Serikat menjadi negara Kristen.  Hasil jajak pendapat Crosstabs mengungkapkan bahwa dukungan untuk menjadikan agama Kristen sebagai agama resmi terkuat di antara Mike Huckabee (94 persen), Rick Perry (83 persen), dan Ben Carson (78 persen) pendukung.  Survei PPP juga menemukan bahwa 2/3 pemilih Partai Republik tidak percaya pada pemanasan global, dan 49 persen tidak percaya pada teori evolusi.  Sementara mayoritas orang Amerika mengidentifikasi diri sebagai orang Kristen, kebanyakan orang Amerika di luar GOP (Republik), akan tidak nyaman dengan teologi Dominionist konservatif. Dominionism panggilan untuk memaksakan teokrasi (negara agama) di Amerika di mana agama Kristen dinyatakan sebagai agama resmi, dan bangsa Amerika diatur oleh   hukum Alkitab  .  Pemilih Partai Republik tampaknya terlalu bersemangat untuk merangkul teologi Dominionist, meskipun demikian akan melanggar Amandemen Pertama Konstitusi AS. Kebebasan Agama adalah salah satu prinsip dasar didirikan negara Amerika pada dokumen pendiri kami.  Pemilih Republik bersiap-siap untuk memilih calon yang akan mengganti atau melakukan Amandemen konstitusi Amerika dan mengakhiri kebebasan beragama. Kalangan Independen dan Demokrat harus siap untuk menghentikan calon yang akan membongkar Klausul Pendirian, apakah itu Mike Huckabee, Ben Carson atau salah satu kandidat presiden Partai Republik lainnya.  Amerika adalah negara yang penduduknya sebagian besar beragama Kristen dan dibanding dengan Eropa, orang Amerika tampak lebih religius.  Contohnya, banyak presiden Amerika selesai berpidato, tidak lupa mengatakan, ‘God Bless America,’ dan walaupun Undang-Undang Dasar Amerika dengan jelas memisahkan fungsi agama dan pemerintahan, orang bisa melihat bahwa pemisahan itu kadang-kadang tidak begitu jelas.  Sidang-sidang Kongres Amerika selalu dimulai dengan pembacaan doa, yang dipusatkan pada perlunya mendapat apa yang disebut ‘bimbingan dari Yang Mahakuasa’ untuk menjalankan tugas-tugas penting. Bahkan dalam uang kertas dollar Amerika ada tulisan yang berbunyi “In God We Trust.”  Dalam kaitan kepercayaan ini, di Amerika pernah diadakan studi jangka-panjang yang menyangkut fungsi doa pada pasien-pasien yang terkena penyakit jantung.  Kata laporan dalam harian International Herald Tribune, doa-doa yang dipanjatkan oleh orang-orang Kristen bagi kesehatan pasien yang akan, dan telah menjalani operasi jantung, tidak ada dampaknya sama sekali.  Bahkan, kata laporan tadi, pasien yang baru menjalani operasi jantung dan mendapat kiriman doa, justru menderita lebih banyak komplikasi kesehatan daripada pasien yang tidak didukung oleh doa-doa  Kata dari Richard Sloan, pakar kedokteran pada Universitas Columbia di New York, usaha untuk menghubungkan kepercayaan agama dan ilmu kedokteran tidak ada gunanya, karena keduanya bertolak dari sudut pandangan yang berbeda.  Ke-1,800 orang pasien yang dilibatkan dalam riset tentang doa itu berada di enam rumah sakit itu dibagi dalam tiga kelompok. Dua kelompok mendapat kiriman doa, dan satu kelompok tidak mendapat doa apapun.  Separuh dari pasien yang mendapat kiriman doa itu diberi tahu bahwa ada orang yang memanjatkan doa bagi mereka, sedangkan separuh sisanya hanya diberi tahu bahwa mungkin ada orang yang menyumbang doa.  Limapuluh sembilan persen pasien yang diberi tahu bahwa mereka telah didoakan, justru menderita komplikasi setelah operasi jantung, dibanding 51 persen pada kelompok yang tidak mendapat doa. Pasien-pasien kelompok pertama itu mungkin berpikir, “apakah penyakit saya demikian parahnya sehingga perlu bantuan doa dari orang-orang yang tidak dikenal?”  
",kaskus,0,1,0,0
"Mbak, please,mohon dengan sangat berenti   dong pamer susu kayak gitu, kita yang perempuan asli malu mbak mah kayak punya barang baru aja dipamer2rin..",instagram,1,0,0,0
RT colok memek pake kontol pasti bikin semangat bete di kamar trus tiduran trus.. uuh badan' nya lagi gak enak ngapa2in..,twitter,1,0,0,0
"Liat aja sendiri biar jelas "" Masa seh fotoin dung hehehe "" jembut gue mayan lebat ko itu bulu",twitter,1,0,0,0
"daddy siniii ke kamar yujiiii kobelin memek yuji yang basah daddy, yuji mau sepong kontol daddy yang lagi duduk sama kopel daddy",twitter,1,0,0,0
"  sebelum bunuh diri, mending sikat2in itu cinak. setidaknya hidup lo ada gunanya sebelum mati konyol
",kaskus,0,1,0,1
Bisa di bikin lagu tu ha-ha-ha mari kita ciptakan lagu untuk si Fattah ..,instagram,0,0,0,0
"Bego kalau masih berfikir ,harus angkat senjata untuk dirikan  khilafah !!
Kalau AS gak ikut ber-main ,hitungan hari habis mereka semua !!",twitter,0,0,1,0
Ehh goblok yang ngomong OPM dibiarkan siapa? Lu ga tau OPM selalu tembak2 an sama TNI di pegunungan papua sana? Lu curut2 HTI pengen ditembak juga?,twitter,0,0,0,1
 namanya juga laki asli mbak.. ya pasti ga ada malu nya lah haha kalo perempuan asli pasti malu hahaha,instagram,0,0,0,0
"Besok kalo aku pulang ke tanah air keluarga ku tk suru masuk ke situ aah biar nunggu nya gak kepanasan, kayaknya bebas tuh  ",instagram,0,0,0,0
" Sebuah ajang pencarian bakat Talent Hunt kembali melakukan audisi. Dalam audisi kali ini, ada ribuan peserta yang siap menunjukkan kemampuan dan bakatnya. Salah satu peserta yang sukses menyita perhatian dunia adalah Benson Ken. Ya! Suasana audisi langsung berubah, ketika anak berusia 10 tahun itu naik ke atas panggung dan mulai menyanyikan lagu rohani. Benson yang diduga berasal dari Nigeria menyanyikan lagu rohani populer, berjudul “Haleluyah”.  Tampak jelas, Ben menyanyikan lagu rohani tersebut dengan sangat tulus dan sungguh-sungguh. Di tengah lagu, Ben merasakan hadirat Tuhan nyata dalam dirinya, lalu ia mulai bernyanyi dengan suara yang menggebu-gebu. Kami yakin, dia benar-benar dipenuhi kuasa Roh Kudus. Sambil meneteskan air mata, dia berbahasa roh.   Melihat hal ini, semua penonton termasuk dewan juri, host ikut bernyanyi dan mengangkat tangan. Mereka ikut larut dalam hadirat Tuhan. Beberapa orang berdiri dan bertepuk tangan untuk kemuliaan Tuhan, tak sedikit pula yang menangis dan berdoa. Dewan juri tak dapat berkata apapun, bahkan host acara tersebut diam seribu bahasa.  Bocah 10 tahun itu benar-benar dipakai Tuhan!   Heroes, jika Benson Ken yang masih berumur 10 tahun saja dipakai Tuhan, apalagi kita yang lebih dewasa darinya. Satu hal yang harus kamu percaya, tak peduli seberapa muda atau tua dirimu, sekeren atau secantik apapun dirimu, pada dasarnya Tuhan hanya melihat hati. Mulai saat ini, buka hatimu dan gunakan hidupmu untuk memuliakan nama-Nya!  ",kaskus,0,0,0,0
Tong di baturan lah urang mah kafir  km pergi kelas bakalan wangi  Sok usir lah bau kelas na ge hoream ,twitter,0,0,0,0
Kalau udah cantik dari lahir mah bebas ..mau pakai daster ke baju sobek ke tetap cantik ...dan prilly tanpa make up ternyata lebih cantik kulitnya mulus nggak ada bekas jerawat cuma lingkar matanya doang yang keliatan agak gelap mungkin kurang tidur,instagram,0,0,0,0
Salfok sama paha dan patay bya gede banget yah cewe mah nggak bakal segede gitu nggak rata lagi gede yah kaya kaki kingkong,instagram,0,0,0,1
yang berucap kafir kepada non muslim itu teroris.  tidak dengan bom tapi dengan hasutan atau fitnah. 20% rakyat Indonesia non muslim bukan kafir,twitter,0,1,1,1
"Emang gua penyalur tenaga kerja  Cari sendiri di jobstreet ngampar kerjaan santai yang cuma make otak tapi digaji  itu sih kagak nyantai masuknya cuk.. tetep mikir..otaknya yang bekerja..bukan fisik  maksudnya kerja nyantei tuh..ente tinggal duduk manis, otaknya diem.. tapi dapet gaji..  contoh, anggota dpr.. cuma molor doang sama bolos mulu..gaji gede.. itu baru nyantei 
",kaskus,0,0,0,1
"Katanya orang betawi/madura nulis spanduk ""orang bekasi usir orang ambon kafir"" gitu  kenapa neng ? Kok ga kedengeran",twitter,0,1,1,1
"Perasaan cewek juga ga gitu"" amat ga suka ngumbar"" tete sama pantat paha :v elu sih dulunya cowok Trus jadi ke cewe jadi ge bangga punya tete and body mantep jadi dipamerin"" terus:v kaya murahan tau :v",instagram,1,0,0,0
"Bored in bed

 
 memek  ngentot  sangek  enak  kontol  abg  pentil  payudara  blow job  bokep  bokep semi  bokep indo  ngewe  sepong  amoy  enak  bispak  bisyar  lonte  jablay ",twitter,1,0,0,0
I HASIL MAKMAK KALIAN JUAL PUKI NYA. BAGI keaslian yang BERPIHAK KEPADA PKI DAN SI AHOK ANAK CHINA ANJING KAFIR INI. SERTA NKRI BUKAN DIDAPAT,twitter,1,1,0,1
" ente ga nonton tv berita....  dari i  bahas orang gila macam lu... di sono hadir 1 orang dari bareskrim...  ga cuma tv, media internet juga buanyak...   lo jangan kudet... lama katro (katak dalam tronton  Lu jangan goblok pake banget lah. Kita ini lagi bahas berita di kaksus apa di tv sih? Kita lagi komen an di kaskus apa di tv sih? Udah nyamber, salah, OOT, goblok pula. Lu lagi ngelem apa gimana? Kok bisa bego kek gitu? Baca noh di halaman 1, ada gak bareskrum di situ. Jangan OOT 
",kaskus,0,0,0,1
" No offense jg ya gan Yang dipermasalahin orang2 itu bukan apa itu perusahaan gede apa engga, terbesar di Indonesia apa bukan, denger dari pergaulan tingkat atasnya atau bukan...  Tapi yang bikin orang2 banyak kecewa dan nyumpahi perusahaan2 futures, mungkin termasuk RFB salah satu di dalamnya, adlah karena mereka sering menipu dalam proses rekrutmennya... Nawarinnya posisi keren2, eh ujung2nya dijadikan broker...   Kalau emang pengen fair, ya dari awal bilang dong kalau emg pengen cari broker. Dan lagi kenapa sih perusahaan2 futures, dan lagi2 mgkin RFB termasuk di dalamnya, ga mau terang2an menyebut nama perusahaannya di iklan2 lowongan.. Kenapa pula pake embel2   biro kepegawaian   lah,   kami dari perusahaan pedagangan di bawah Kementerian Perdagangan   lah, blablabla... di setiap iklan lowongannya. Menurut ane, kalau di awal perusahaan aja udah tipu2 untuk menjaring karyawannya, niatnya emang udah jelek dan budaya perusahaannya emang suka menghalalkan segala cara atas nama keuntungan perusahaan. WTF! memang mereka di bawah dan ijin BAPPEBTI gan agan tahu BAPPEBTI kan   dan pertama orang kerja memang yang dicari broker  perusahaan gede begitu maksud agan mau masuk langsung menjadi manager? hahaahahahahahahahahaaha orang pintar ga usah diperjelas aja juga sudah ngerti langsung masuk jadi manager? lolzzzzzzzzz.  lagian perusahaan mereka mendapat ijin dari BAPPEBTI Kliring berjangka   kalau memang menurut agan mereka nipu  silahkan agan nuntut di pengadilan  pasti agan di tertawakan.hahahahahaha  use your brain 
",kaskus,0,0,0,0
"foto foto sebelumnya lehernya mas fatah ngeditnya kepanjangan,kadang kala kegedean,kadang pula kelebaran,nahhh skarenag mlh lehernya kekecilan ngeditnya,itu leher apa sumpit mie ayam...",instagram,0,0,0,0
"Itulah bukti bahwa BETAPA MENJIJIKAN NYA BAHASA INDONESIA..  BeLUM LAGI DITAMBAH UNDUH UNGGAH?! HOOOEAK CUIIIHH!!!  gue MATI2AN BELAJAR BAHASA INDO.. NILAI Gue DI RAPOR rata2 8..buat pmp, indo n inggris n ipa..  Tapi apa yang terjadi terutama 10 taon belakangan ini di indo..  Di mall.. Jalan2.. Orang jilbab an.. Artinya orang pribumi asli ngebacot bahasa inggris... Anak2 kecil nyerocos inggris..  Sungguh bangsa TANPA JATI DIRI..  KELIhATAN BANGET LEBIH DARI 60% BAHASA INDO ADALAH SERAPAN.. SERAPAN B. INGGRIS..BELANDA..SPANYOL.. ARAB.. CINA.. dan lain lain  GAK TERIMA..??! YUK DEBAT...!! HAHAAAY   SISANYA YA ntu diatas tuh...  Tetikus... Wkwkwkwk!!!  Jijik dah pokoknya..orang indo aja geli pake bahasa indo.. Apalagi gue..
",kaskus,0,1,0,0
"huum  merugikan pihak wanita dan anak kalo nikah siri untuk kedepanya, ga ada surat nikah buat ngurus kk, akte nanti",instagram,0,0,0,0
" tergantung perusahaan nya mba.. memang kalo yang resmi bayar cuma bisa sampe bagasi, kalo yang bisa sampe ke garbarata itu tergantung sama siapa yang handle kita. Ada company yang bisa tapi rada ribet dan ekstra biaya",instagram,0,0,0,0
Ekspresi ku kalo suami tk pulang2 ea banyak2 berdo'a.. bukan malah ngumbar aurat kayak gitu.. setahu saya itu ekspresi Banci lagi khilagan titit.. ,instagram,0,0,0,1
Keciduk ???? Kalian pikir pemberitaan itu benar ???? Ahahhaha berita karangan hoax murahan itu bukan malah buat makin banyak lagi orang yang jadi MCA . MCA ikut bergerak atas kemauan sendiri .tanpa koordinasi tanpa ketua apalagi tim elit. Kalo kalian percaya itu berita beneran hahahaha goblok,instagram,0,0,0,1
"Burung nya masih nonjol operasi nya gagal coba diamplas lagi biar ga kelihatan itu tonjolan cuma aneh aj lihat nya, kalau wanita seutuhnya ga nonjol begitu alat kelamin nya atuh.",instagram,1,0,0,1
" muka Lo sangar banget tapi ngondek,bener"" udah akhir jaman.kasian woy tuh ortu loh mending mati aja gih dari pada nyontohin ga bener ke orang lain",instagram,0,0,0,1
Ajaran Al quran ko ngeri ya yang salah Al quran nya apa orangnya...mosok jihad ISIS = bom bunuh diri..hobi perang sesama muslim di timteng...kafir bunuh?????,twitter,0,1,1,1
 kalo nikah siri emangnya kenapa. Toh nikahnya juga sama habib duda. Siapa yang tau kali aja udah nikah resmi. Justru baguslah hijrah karena mau nikah atau karena suami berarti itu suaminya memberikan hal yang positif sayang sama istrinya untuk jadi lebih baik. Kan emang udah kewajiban wanita muslim untuk tutup aurat sebelum atau sesudah nikah.,instagram,0,0,0,0
Pengen cepet2 lihat album terbarunya deh.. lagunya bagus suaranya bagus penyanyinya cantik. Semangat kak luna. Sukses ya buat album barunya,instagram,0,0,0,0
"Di jemput nya di garbarata lho , aku aja di jemput deket parkiran sama dariivernya ibuk ku udah terharu, udah mewek. Daripada pulang naik ojol atau jalan kaki  kan ya sambil geret koper,  makin pengen nangis ",instagram,0,0,0,0
"abang atau tante ses mungkin,mendingan laki2 yang suka berdandan karna mereka emang tuntutan jadi idola make up juga gak tiap menit,di luar pekerjaan mereka biasa2 aja ke laki2 biasa,noh lihat si fatah laki2 yang mengubah jenisnya jadi perempuan ngaku2 cewe tulen,mendingan idola gue mereka dandan biar gak jeleke lemeuk,tapi gak mengubah jenis kelamin.",instagram,0,0,0,0
"jangan nge tag njiiir, emang gitu kalau gue tau nama almarhum bapaknya gua send jin iprit auto santet tau rasa, gedeg dah, soalnya gue liat langsung sih tuh muka buseeeeet. Nauzubilah deh",instagram,0,0,0,1
"chapter one : ahok jadi korban kriminalisasi  chapter two : ahok jadi korban perselingkuhan  gua miris karena orang2 cina yang bodo amat jadi korban nantinya 
",kaskus,0,0,0,0
" lagian kak mereka kan ngaku kalo mereka itu transgender,nahh kalo yang satu ini Tah senidarii lah y",instagram,0,0,0,0
"lha wong almarhum ibu ku bukan muslim mas... aku yoo ndak tanya ibu agama mu opo, bude ku we kristen.. almarhum mbah ku hindu ",twitter,0,0,0,0
"MAMPUUUUUSS MU makan tuh maen bertahan!!!!! Maen di kandang sendiri masih aja bertahan bek sayap ga boleh maju lewatin garis tengah (mourinho logic)  Puasa gelar lagi  Semua salah kecuali strategy parkir bus   Kasian pendukungnya harus nunggu 90 menit di kandang lawan dan 80 menit di kandang sendiri, buat ngeliat team nya maen nyerang untuk 10 menit : 
",kaskus,0,0,0,0
" heh kontol, jangan sok pemes lu di rp, muka kek memek, orang tua lu kek monyet, agama lu aje agama kontol 38",twitter,1,1,0,1
Bom bunuh diri dianggap jalan surga. Bencana alam disebut azab. Teroris disebut pahlawan. Orang baik dihina kafir. Koruptor dianggap hebat.   ,twitter,0,1,1,1
commented: salut ah buat DPR yang satu ini... kalo di Turki yang mantan pusat Khilafah adzannya harus pake bahas...  ,twitter,0,0,0,0
"ehhh emang ada yang terblokir ya? pake hape andarioid semua situs juga bisa diakses,  nih mentri tolol...  
",kaskus,0,0,0,1
Parpol yang katanya paling muslim aja korupsi impor daging sapi wkwkwkkk. Tuh koruptor pengadaan al quran penista agama sejati,instagram,0,0,0,0
"ini siapa sih yang dimaksud, ko gue ngga paham ya sist  . almira siapa? yang baju coklat siapaaa dehh??",instagram,0,0,0,0
"trit beginian untuk pengikut agama kebencian tidak ada gunanya :wakaka   yang mereka mau, justru umatnya semakin banyak berkembang biak sebanyak mungkin untuk menguasai dunia  karena nabi mereka mengajarkan demkian, demikian pula mereka berpikir jumlah pengikut menjadi daya saing dakwah agama mereka untuk menguasai dunia :cd 
",kaskus,0,0,0,1
"@ardianasmar dikata greget ane juga greget om, sombong dan angkuh tuh kafir, kita usir dari jakarta rame2 om tunggu waktunya",twitter,0,0,1,1
"Anjing, jakarta udah penuh malah ditambahi ama orang2 madesu anjing kaya gini. Emang anijing yang bikin kebijakannya
",kaskus,0,0,0,1
@millennisha lu kali anjing ngaku lagi goblok makanya gak usah banyak bacot njing gak mau ngaku salah lagi lo malah ngatain lagi,instagram,0,0,0,1
Lu tuh spesies jenis apa sih? Kok muka lo berubah ubah terus? Tetek lu bisa di perbesar dan di perkecil?,instagram,1,0,0,1
"widih ulama turki mengundang untuk bertukar pikiran kira kira pikiran apakah itu , apa ulama turki ga tau gimana cara menggerakkan massa supaya jadi barbar 
",kaskus,0,0,0,0
"astajim, memilih pemimpin tapir jauh lebih besar dosanya daripada ke GEP coli ya akhi, kalo ga percaya cek aja di ayat2 suci kitab fiksi  
",kaskus,1,1,1,0
"Video match tadi malam bakal ditonton lawan2 ipul berikutnya siap2 saja kelemahan ipul bakal lebih terekspos,mou mengajarkan cara membungkam mulut jerigen kalopo, bakal tersandung juga di ucl
",kaskus,0,0,0,0
"Indon.. Indon.. Wow.. Indon kan? Apa yang aneh dengan keindonan?  Saat negara di gadaikan, saat pasar modal 70% di kuasai asing dan asing..  Maka indon adalah tetap indon..
",kaskus,0,1,0,0
" salah satunya ini, study Setara.   itu study, bukan sekedar asumsi lo yang kagak jelas. Nasbung identik dengan anti toleransi,. dan lihat seberapa banyak kota di Jawa Barat disitu? Eh anjing tolol, Kalo gitu lu liat nih Jatim yang paling banyak bakar dan ngerusak gereja. itu bukan asumasihit, itu data.  Udah jadi pengetahuan umum juga kalo mayoritas ketua geng teroris itu jawir kontol. Contohnya Abubakar baasyir, dulmatin, Santoso, Kartosuwiryo, dan lain lain. Dan Itu semua bener, fakta, bukan asumasihit.  Kok lu gak nyebut propinsi jateng dan jatim propinsi . Jangan standar janda lu anjing tolol
",kaskus,1,0,0,1
" jangan kaget, Orang Manusia Berkepala Babi Aje Banyak kok, coba lu main ke Utara.     yang aneh, udah Babi eh doyan makan Babi     Kanibal   Utara bukannya tempat rumah orang2 elit brae? Jiakakaka tanah per meter harga ny bisa 5x lebih umr loh 
",kaskus,0,0,0,1
"Sapa nih yang ngajarin? Nyontoh demo berjilid2 kemaren yang teriak2 ganyang cina, bunuh ahok? Well done anies, well done  ",twitter,0,1,1,1
"Efek penyebaran video itu sangat berbahaya bagi umat, jadi kami jg hrs membackup opini yang ada. Klarifikasi itu bisa lagi dilakukan Somad dengan tim medianya disesuaikan dengan firman Allah QS. 21:107. Dan harus menyatakan menolak terhadap paham khilafah yang  tidak ada di zaman Rasul.",twitter,0,0,1,0
"jika saja si penulis tidak pernah di cuci otaknya oleh islam, tentu tidak akan mengatakan demikian sama seperti para teroris, jika mereka tidak pernah mengenal islam,  apa mereka meledakan diri mereka bersama anak2 istri mereka ?   jadi mohon gunakanlah otak, jika ingin mengikari islam mengajari manusia menjadi apa ?   
",kaskus,0,1,0,0
Rasis? Itu kalo untuk manusia... kalo untuk monyet spt dia gak berlaku.. monyet gak tahu diri! Desa2 papua berjibaku diterangi.. BBM disamakan... tol dibangun supaya cepat maju ekonomi.. tapi hewan mamalia ini malah mau hancurkan jokowi terang2an... Rasis? Tai kucing!,twitter,0,0,0,1
"akunnya di lock itu,  males amat njirrr follownya hahaha, doain aja semog admin ni ketangkep",instagram,0,0,0,1
"Anak2 kecil pawai bawa obor dan orang2 dewasa yang orasi di jakarta teriak bunuh ahok,ganyang cina,itu gimana?",twitter,0,1,1,1
"waduh keluar dari laskar sempak tarsan auto debus..     harus diberantas itu pastor tukang nyilit..
",kaskus,0,0,0,1
kamu betul sekali..dari semua komentar yang aku lihat memang betul...karena kelurga saya juga artis.termasuk team suksesnya bersama ka Luna..Jadi jangan buli orang seblem.kalian benar Dimata tuhan,instagram,0,0,0,0
"Presiden kita itu orang kafir apa islam ya atau orang munafik ?? korban bom solo tidak meninggal di perhatikannya berlebihan,orang muslim diacuhkan",twitter,0,1,1,1
"Susu perawan ""Mau pingsan, segera remas benda apa saja yang ada di dekat kamu, untuk melenturkan otot sehingga bisa menaikkan tekanan darah & sirkulasi ke otak.""",twitter,1,0,0,0
boong Dibajak beban ni e  Pengen ngentot Sinta Jojo deh,twitter,1,0,0,0
Adminnya kebanyakan makan micin. Kekurangan berita. Kurang kurangin bergaul sama ormas onta. Yang komandannya aja entah pergi kemana,instagram,0,0,0,1
Dah gitu rasismenya white supermasi itu kini di indonesia ditiru-tiru. banyak sekali orang kita nyebut orang Papua itu monyet. Sedih.,twitter,0,1,0,0
Maenya aya imam di usir   Dul maneh mah percuma jumatan oge krek npi mesjid pasti diusir  Kafir hungkul ,twitter,0,0,0,1
"SATU PERSATU DITUNJUKKAN KEHANCURAN MUSUH UMAT, MUBAHALAH YA HABIB MEMANG TERBUKTI.  Masih ragu kah kalian dengan Beliau?  Tidak ada lagi keraguan dalam hati. Sepenuhnya berjuang demi UMAT. 
",kaskus,0,0,0,0
Ngatain instagram cemen? terus ngapain pake instagram? Otak dipake yaa pliss. Jangan cuman di taro di kepala buat hiasan doang wkwk,instagram,0,0,0,0
"""responden2 yang goblok2 belum faham & juga wartawan berita satu juga goblok, nanti kalo anies-sandy sudah memimpin sangat mudah""",twitter,0,0,0,1
"Selamat ya min , sekarang kamu sudah ketangkap , dan sekarang hari""mu akan kamu nikmati bertahun tahun di penjara , saya ucapkan ALHAMDULILLAH akhirnya admin yang sok tau dan pinter ini di penjara ,, senang nyaaa  ",instagram,0,0,0,0
"Disaat pusing sama kerjaan kantor dan ngantuk berat padahal kerjaan kantor belum kelar2, buka ig liat postingan ""TAYLOR SWIFT"" buka komen nya seketika ngantuk dan pusing hilang malah jadi cengar cengir sendiri liat caption si ""TAYLOR SWIFT"" dan komen2 nya wkwkkw, duh gue baru tau kalo ""TAYLOR SWIFT"" bemper nya guede benerr  ",instagram,0,0,0,0
Wow!! Jadi maluu Jawaban BM yang paling aku suka dari   cubit pipi remas susu tepok pantat,twitter,1,0,0,0
"No string mah ngewe mulu. hahahaha  pengen nonton no strings attached ama crazy lil things lagi nii biii,,pengen liat aa aston",twitter,1,0,0,0
" saya tkw singapore saya kalo.turun.jakarta adik saya bisa masuk.sampe.situ karna ada kenalan orang bandara... Bagian imigrasi... Asal tidak mengganggu akses dan ketenangan slama penjemputan tidak akan ada masalah... Kecuali turun bali baru nggak bisa karna sangat ketat aksesnya perlu data lengkap... Mohon perbanyak teman dan lebih luaskan lagi wawasannya... Apalagi itu kluarga dari president ke 6 kita sudah pasti dapat pengawalan keamanan ada undang"" nya kok itu...",instagram,0,0,0,0
"Pengen rasanya gue blender bawang putih terus gue minumin ke si dedek luna nih...semoga mahkluk"" yang tersandaria di dalam selaput otaknya bisa keluar  ",instagram,0,0,0,1
"Salah satu contoh,yang ngambek itu suhu idbuatfr, dia chat ane lewat bbm, katanya kok ane gak ceritain soal sama miss mill* punya ke dia, yah iya kali masa semua pengalaman harus di ceritain, trus pin ane langisg di delcon, itu baru ngambek yang aggresive..  Sudahlah..gak gunanya berdebat, lebih baik saya yang salah aja.. Mohon maaf suhu suhu besar dimari.. Saya masih pemula dan kurang pengalaman.. Saya tidur duluan yah, besok mau cari duit yang banyak lagi biar bisa ke spa mana aja dan nyobain wp mana aja... Sekali lagi maaf buat suhu idbuatfr, id cupidkiss, goodwill, xander dan lain nya.. Terimakasih
",kaskus,0,0,0,0
"kalo bersih dan nggak salah ya ngapain takut. toh lu punya 7,5 Juta Ummat Zombie yang siap membela. toh tinggal komando aja Ummat siap bakar2an dan jarah2an lagi kok\
",kaskus,0,0,0,0
 bener2 mempermalukan harga diri wanita.. padahal diriny seneng dan pengen jadi wanita... harusnya yang sopan n tunjukin keanggunannya... bukan dosa nya yang di tunjukin.... hiiii bangga.... lupa ea punya ibu.... u keluar dari rahim ibu kan.... tolong inget itu..... hargai rasa malu ibu mu,instagram,0,0,0,0
"Gelikk udah dong marah2nya, malem jumat nih, mending kita bunuh 1000 orang kafir yuk  ",twitter,0,0,1,1
"BIG SALE
1000 followers 30k
1000 like 10k
1000 view 20k
setiap pembelian 2000 followers free like 1000 
Murah terjamin dan terpercaya, proses fast . Wa 081553118034",instagram,0,0,0,0
Moka ganyang  terus? kenapa gang? Cina nanti saya cari nah  Carikko di kamus orang cina  ,twitter,0,1,0,1
Daripda Kalian hujat dia mending bantu aku cariin solusi kaki dan tangan kaku  cek sg aku biar liat ,instagram,0,0,0,0
"Untung dudu wong BANYUWANGI, dirimu wong Banyuwangi, tenggelam kan ke laut,, wong kok ngimpi bertahun2,, hahahaha,, maklum lah dari orang miskin sekarang tenar karena hujatan netizen makanya kebanyakan halu,,",instagram,0,0,0,0
BAJU NYA GaK ADA YANG BENER APA YAH   BUKAN KELIATAN SEXY TAPI KELIATAN MENJIJIKAN TAU GAK   ... (tuh kan berkata kasar lagi),instagram,0,0,0,1
" heh kontol, jangan sok pemes lu di rp, muka kek memek, orang tua lu kek monyet, agama lu aje agama kontol 38",twitter,1,0,0,1
 nah kan bener kan bukan mata gue aja yang salah dan Tuhan akan menunjukan segalanya....termasuk kepalsuan payudaranya penyet sebelah wuakakakakkakakkkkkkkk,instagram,1,0,0,1
"ah ini mah sinetron kejar tayang nanti ada istilah ganti presiden terdlolimi ""AYO JIHAD"" ulama mau di bunuh. ..wah seru sutradaranya",twitter,0,0,1,1
" eeeeeh anak monyet kau yaaa,enak aja gue tuh biasa pake 10 bahasa tau kalau di rumah,jerman belanda rusia papua nugini kalimantan pedalaman",twitter,0,0,0,1
" coba dong nyanyi nya dengan nada cepet pengen denger wkwk kalo nyanyi lambat mulu nada nya , takut keselek ya wkwk",instagram,0,0,0,0
magrib time. tapi jiran sebelah boleh memekak pula. elak aku bom je uma kau ! haha hormat la sikit orang islam. kau tu kafir dok diam la!,twitter,0,1,0,1
 tidak ada yang udah telat... semua nya bisa di kembali kan asal kan tidak op dulu.. soal nya kan saya masih cabe cabe nya bukan cabe kutu nya,instagram,0,0,0,0
"Your last emoji is what you feel about this

 ngewe  bispak bandung  bugil  memek  Memek Sempit  memek abg  foto memek  toket  colmek  memek becek  memek gatal  bokep abg  bokep indo  memek merah  sange  abg mesum  abg toge  bispak  bisyar  bokep asia  bokep mania ",twitter,1,0,0,0
"Dengan nonton film ini, sama aja berkontribusi untuk kaum zionis, yahudi untuk membodohi umat dengan film khayalan murahan nya begini, dengan tujuan mengeruk uang umat yang nonton kemudian diserhakan ke israel untuk memborbardir palestina...!!! Sungguh biadab, jangan gadaikan iman dan akidah dengan mendukung film2 kafir yahudi zionis..!! Karena barang siapa menyerupai suatu kaum, maka dia termasuk kaim itu (kafir, yahudi, zionis) Naudzubillah..!!
",kaskus,0,1,0,1
Wuihhh negeri yang tempat lahirnya islam aja dah di bilang dibawah kedaulatan inggris..ulama2 disana kayaknya masih pinter orang yang ini dehh..semangat banget mau tegakkan khilafah versi anda..benih2 jihad juga nehh..tapi jangan bunuh diri ya cz hidup di indonesia masih enak kok,twitter,0,0,0,0
" Berarti ente kurang cerdas. Jelas2 penulis sendiri udah lagi fiksi. Ente masi nebak2.  lah kalo fiksi terus kenapa di quote dan beberapa part dibuat seolah nyata wkwk , kaya yang dipart ketemuan sama editor trus ditemenin rampak tantra.  kalo fiksi ya fiksi aja gausah dibuat kayak nyata wkwkwk
",kaskus,0,0,0,0
"Suabar nyong,anak mana yang mau diparang nih? Jangan pancing Emosi karena gue ngga bisa diajak brcanda Ah KONTOL MEMEK NGENTOT LO",twitter,1,0,0,0
Laaah itu enak banget bisa jemput sampe masuk kedalam gitu dapet prioritas amat yaaak enak yak jadi mereka semua serba terfasilitasi dan masuk begitu mudah dan gampang gak kayak kita boro boro masuk ampe kesono jemputnya...,instagram,0,0,0,0
"Mulai deh, berdua pada lepas baju. Hendario, orangnya putih, tititnya lumayan. Herry,tititnya juga lumayan gede, dengan jembut yang lebat. ""Pijit !""",twitter,1,0,0,0
"Husss jangan menghina, kayak bokong kalian bagus aja.. emang begitu bokongnya yang indah itu seperti itu. Bokong yang kekar untuk lelaki tangguh seperti kak lucinta, itu bukan lemak itu ototnya lagi lemes.  semangat",instagram,1,0,0,1
"Wkwkwk,batam emang deket laut well jadi panas,gosong aku di batam kayak orang papua Kalau ko tinggal disini pasti",twitter,0,1,0,1
Foto HOT Cewek Mandi Sambil Remas Toket: Foto Cewek ABG Mandi Sambil Remas Tetek – Galeri kali ini adalah mesum,twitter,1,0,0,0
wow bikin semangat ngocok kontol liat nya bales dong biar crot bolehkan kecup kening sayang lumat bibir sayang raba remas jilat isap nenen sayang oh ah buka dong celana dalam sayang elus2 memek syang hayalkan kontol atau lidah abg elus2 abg jg lagi ngocok kontol nih bantu crot kan dong boleh kan abg,twitter,1,0,0,0
"Pantat nya kaya udah umur 60 ya, ga sesuai bergelambir gitu. Maka nya dibuat hitam putih biar ga nampak kali belang nya, hahahaa.. PD pula tuh",instagram,1,0,0,1
"Ayo umat bersatu, rapatkan barisan sambut imam besar kita, ulama dan panutan kita Habib Rizieq Shihab.. jangan biarkan beliau siserang antek pki yang sekarang mengincar para ulama..  
",kaskus,0,0,1,1
"""DZIKIR DAN SHOLAWAT UNTUK NEGERI""

Masjid At-Tin (TMII) - Jakarta Timur

Sabtu, 11 Maret 2017

Sholat Maghrib Berjama'ah s/d Selesai.

 ",twitter,0,0,0,0
"bukan item lagi, tapi gosong!  item dong  Eh orang papua RT  eh orang bandung  ",twitter,0,1,0,1
"Di islam kan diajarkan kalo manusia sudah meninggal nanti akan ketemu malaikat dan ditanya 3 pertanyaan Ajaib (AUTO SURGA KALO BENER SEMUA): 1. Siapakah Tuhanmu? 2.Siapakah Nabimu? 3.Apakah Agamamu?  Jelaslah Bomberman doyan meledak (Biar Ketemu Malaikat), Orang Jawabannya mudah banget kok ",kaskus,0,1,1,0
 hahahah kelas berapa sih km mba. Namanya perusahaan jasa berhak punya fasilitas yang namanya customer prioritas. Kalo dia anak presiden ya jelas bisa jadi prioritas. Gausah sirik gitu,instagram,0,0,0,0
"otak bebal dasar pamer aurat trus bukan nya jadi jadi cambuk setiap perkataan orang ini malah menjadi2 dasar laki tulen sifat malunya sudah di cabut sama allah,.lagunya cuma payudara sama kaum bencong kaya lu",instagram,0,0,0,1
" mulut gak di sekolahin ngomong muka babu?  Emng lu kerjanya apa?  Lu kan kerjaannya ngangkang sebagai pelakor ??? Muka babu masih mulia kerjaannya & halal ketimbang ini orang yang komen ngomong muka babu yang gak berpendidikan, kerjaannya murahan bahkan lebih dari babu!!!!!!",instagram,0,0,0,1
 dia seperti amoeba guys.. makannya bisa membelah diri gitu.. wajah berubah2.  Teteknya tuh di paksa keluar makannya kelihatannya aneh. yang 1 kempes lagi.. gitu kok di bilang cantik manjalita. Manjalita apaan?? Sok perfek ajah tuh mas fatah,instagram,1,0,0,1
" lagi ada mau nya aja, minoritas di pepet .begitu sudah ga ada prl nya dengan berteriak lantang GANYANG CINA, KAFIR , PKI .inget ga wkt di DKI  ",twitter,0,1,1,1
Bukan jualan agama lagi goblok. Itu di papua mau merebut nkri katanya mau selamatkan nkri pergi lah kau ke papua,twitter,0,1,1,1
"Hidup anda belum sukses padahal sudah berusaha keras? Sering kena sial, sakit - sakitan, dan lain lain? Pasti struktur nama anda salah. Konsultasikan nama anda hanya disini. Follow ig: konsultannama.  WA: 083897888777.  2019GantiNamaNegara",instagram,0,0,1,0
" tenang gan posisi arab siap digantikan indoneisa jadi arab makin maju dan modern indo balik ke abad ke 7  tapi yang agan katakan ada benarnya  contoh nyata  di indonesia makin banyak orang bercadar dan berjilbab di arab saudi justru kebalikannya makin banyak yang lepas cadar dan jilbab 
",kaskus,0,1,0,0
"Diem jing...kaum teroris plis jangan quote2 gue..  Bodo amat gue ama kristen..mereka juga banyak yang gak bener...tapi islam paling parah cok...ngebom sana sini..najis ngentod
",kaskus,0,1,0,1
Ada apa dengan lengan juga tetekmu cong? Pipimu juga.. manusia editan lo bencong sakit jiwa,instagram,1,0,0,1
" memang si fatah ini cocok di musnakan, merusak generasi. Dengan cara mudah dapat duit, gak mau capek* kayak cowok di Luaran sana cari duit. Malah jadi bencong",instagram,0,0,0,1
"alah ga usah banyak alibi..bilang aja stok stensilan hayalan ngga ada....kalau niat nulis lewat hp aja bisa kok...
",kaskus,0,0,0,0
"Pengen komentar tapi takut dosa.   Ya sudahlah, saya komentar koleksinya ini keren sob.  Sumpah keren banget.   Btw nggak sekalian tuh bordiran logo regional dipasang di jidat. mburadul sudah.
",kaskus,0,0,0,0
"Semakin kalian bully, lucinta luna makin seneng, makin menggila, makin cetar, makin terkenal, makin hits, makin wow, tambah kaya, dan dosa kebanciannya berkurang karna hujatan.  ",instagram,0,0,0,0
"  liat  dorce dia... Walau transgender tapi dorce di hargain orang karna dia sopan ga bikin ulah... Ga kayak tuh orang jadi2an,sok ngartis",instagram,0,0,0,0
"lagipula Ga ada fatwa MUI yang ngelarang Ngucap selamat natal yang ga boleh ikut serta dalam peribadatan natal tersebut 
btw buruan noh ente bikin bom panci trus ledakin gereja kan mayan pahala jihad perangi kafir dapat 72 bidadari  hehe",twitter,0,1,1,1
 ada prosedurnya ga semua orang bisa masuk .. kalau dia masuk berarti bisa dapat ijin .. karna ada pass  bandara khusus pengunjung ..,instagram,0,0,0,0
"Semakin di bully dia semakin Jaya, dia sengaja buat netizen kesel dengan semua yang dia lakukan supaya apa? supaya dia makin viral dan akhirnya tenar. Maka dari itu dia dengan sengaja buat postingan dengan caption yang menyebalkan atau kegiatan yang memancing emosi para netizen contohnya aja settingan brantem sama sahabatnya gak tau namanya siapa lupa gak penting juga lah ya diinget bukan artis soalnya yang masalah foto dan video operasi nya disebar, demi sebuah kepopuleran dia sampe ngelakuin smua itu, gila sih menurut gue caranya engga banget, kalo artis sebenernya mah gak mungkin begini, dia sangking takut kebumingannya akan sosok lucinta luna redup makanya bikin sesuatu yang mengundang kegedekan para netizen, wah gila seh",instagram,0,0,0,0
"  heh kontol, jangan sok pemes lu di rp, muka kek memek, orang tua lu kek monyet, agama lu aje agama kontol 38",twitter,1,1,0,1
"Tante Muda Cantik Pamer Jembut Lebat: Foto Tante Muda Cantik Pamer Jembut Lebat, foto sex, foto panas, foto ng. ",twitter,1,0,0,0
"banyak yang anggap lia itu gila tapi banyak juga yang jadi pengikutnya, setidaknya mereka hidup damai dan tidak barbar  sama seperti yang kabur ke arab juga banyak pengikutnya, cuma bedanya, dia gila, pengecut, penipu, intoleran, intimidatif, penebar teror, raja hoak, teroris, barbar dan mesum dan lain sebagainya dalam negatif
",kaskus,0,0,0,1
  lah dia keluar dari rahim ibu ya? gue kira dari jelmaan siluman. Bentar lagi semua yang plastikan dari badan nya bakal mleber.,instagram,0,0,0,1
" Gak jaminan kehendak alam Gan.  Kehendak alam itu yang kemaren Gedung Bursa Efek, Mezannine nya rubuh.  Kalo longsor itu penyakit ulah sendiri. Dari hujan dan banjir, maupun resapan tanah sekitar.  Gak di antisipasi lagi. Bertahun2 Jakarta gak banjir mau gimana juga, sekarang banjir lagi kan? Mati kena banjir or longsor karena banjir ya ulah Anies Sandi. Tapi gapapa, yang penting masuk sorga, udah milih pemimpin seiman.  Dulu Ahok berbulan2 sebelum nya udah siap prepare ini itu, kalo yang ini sibuk wacana, sibuk wacana tanah abang, wacana becak lah, Rusun 0 persen yang cicilan 2 juta sebulan buat warga miskin.  Banjir dan Hujan gak akan dateng dadakan macem gempa bumi.
",kaskus,0,0,0,0
" ih tips biar ga dingin. bawa satu buah kompor beserta gas nya. nah trus lu duduk di atas kompor. habis tu lu idupin dah tu kompor, dijamin bakal nyut nyutan dah tu bokong lu. oke sekian",instagram,0,0,0,0
"lebih baik merdeka untuk kehidupan rakyat Papua sendiri yang lebih baik, daripada diinvasi sama hama2 Jawa.
",kaskus,0,1,1,1
.... Kok negara yang lebih dari kafir yang diikuti.... Katanya ganyang cina tapi pake sajaknya.....  Ini Gerindra kok gobloknya  tidak ketulungan ya.... Memalukan ..!!!,twitter,0,1,1,1
" setuju banget yes. Duda cere hidup berarti rumtang sebelumnya ga berhasil, eh nikah lagi lebih muda umurnya centes kriuk lagi.",instagram,0,0,0,1
"yang usir penjajah kafir dari indo adalah pr  mujahid   Dia pikir negeri ini    muslim yang songong silahkan minggat""",twitter,0,1,0,1
 Di papua?? Putih dong ya kulit kamu? Wkwk. Lucu dari mana elah? Pake emot laen pan banyak  Emot monyet kek gg wkwk,twitter,0,0,0,0
"Dalam waktu 30 menit yang bisa dihafal ayat perangi, bunuh, penggal, dan pancung batang leher kafir, lalu ledakan bom  ",twitter,0,1,1,1
"jangan lengah umat muslim, tetap persatu ukhuwah islamiyah. umat buddha tidak akan senang, hingga kalian mengikuti agama mereka :marah    
",kaskus,0,1,0,1
"jihad mania ayo berangkat  Bom Bunuh Diri di Masjid Sunni Irak, 20 Orang Tewas  ",twitter,0,0,0,0
"bule kapir pedopil... pasti kristod bgitu nih... secara pastur doyan bgitu garap bocah laki2....
",kaskus,0,1,0,1
Pasukan nasi bungkus....naik kereta miskin bgitu ha-ha-ha....keren dikit naik pesawat kek,instagram,0,0,0,1
" Panjang 29 cm, berurat, tegang, dan penuh dengan peju!..Malam ini kontol aku buat kamu, dear..  sange  memek  ngentot  horni  seks",twitter,1,0,0,0
"yang gue masih bingung tuh ya apa sih kenapa sih harus ngotot, iya tauu khilafah ajaran rasulullah.. tapi demokrasi yang sudah berjalan 72 tahun ini juga sudah dirumuskan matang2 agar sejalan dengan segala nilai agama",twitter,0,0,0,0
ogah !   Ayo ikuti saya   astajim ojan ojannn  AYOOO JIHAD!!!! Kita bom bunuh diri!!!!,twitter,0,0,1,0
" Kegiatan yang bermanfaat ini gan   Kegiatan dungu seperti ini apa manfaatnya cuk selain hanya membuang waktu..    Bocah2 dungu..
",kaskus,0,0,0,1
"dari cowo terus jadi cwe terus vulgar. Menjelekan norma cewek saja. kalo dari cowo terus jd cewe pake hijab yang cantik yang positif monggo.. Setidakny lebih menghormati lah.. udah jadi cewe, penampilan vulgar.",instagram,0,0,0,0
"Pokoknya kalo bukan pendukung Jokowi 2 periode itu harus di cap dengan ; MAKAR, RADIKAL, PENEBAR KEBENCIAN, INTOLERAN, TUKANG HOAX, TUKANG FITNAH, ANTI NKRI, ANTI PANCASILA, GANTI SiSTEM / KHILAFAH, dan lain lain. ",twitter,0,1,1,0
" heh kontol, jan sok pemes lu di rp, muka kek memek, orang tua lu kek monyet, agama lu aje agama kontol 38",twitter,1,0,0,1
"JASA UP FOLLOWERSSS!!!
LIKE & VIEW 
1000 FOLLOWERS 30K
1000 LIKE 15K
1000 VIEW 30K
OPEN RESELLER , langsung DM  
Murah,aman,terpercaya dan proses cepat  
Proses hanya membutuhkan   name tanpa meminta akun pembeli  
Pembayaran bisa via ATM/Pulsa no rate .
Minat chat me  ",instagram,0,0,0,0
" sama gue aja sayang..kontol gue udah ngaceng begitu neh dari tadi..minta di sepong, gue masuk kamar lu yah..?",twitter,1,0,0,0
BULLSHIT INI AKUN NAMANYA CYBER ARMY TAPI MANA TINDAKAN KALIAN? UDAH ATTACK BeRAPA KALI HAH,instagram,0,0,0,1
jaman sekarang bener2 udah terbalik ya yang cewek ingin jadi cowok begituu juga yang cowok ingin jadi cewek ga bersyukur dengan kodaratnya masing2,instagram,0,0,0,0
Ya ampun pagi2 dah ngebully banci habis bancinya sih minta di bully juga kan  ,instagram,0,0,0,1
"Cerita 17 tahun www memek sempit com: Klik pada gambar untuk memperbesar

Wuihh....kalo ini memeknya punya ABG A...  ",twitter,1,0,0,0
"Murtad ..kapirr. musrik layak dibunuh darah nya halal itu aja comment ny  gue pribumi  lo mau apa 
",kaskus,0,1,1,1
"Apa bedanya dengan pelaku bom Manchester..?
Ortu takut mati, ngungsi ke negara kafir, ditampung dengan aman, sampai punya anak.
Anaknya gede ngebom...  ",twitter,0,1,1,1
"Dasar tak tau berhitung si goblok yang punya status , bilang Pak Jokowi ini & itu.



Dibilang harga minyak 200 ribu di Papua.

udah jelas2 di nota harga / liter 8 ribu, dia beli 25 liter.

 

Jadi 25 liter * Rp. 8000,- = Rp. 200.000,-



Apa dia sengaja ya buat...  ",twitter,0,0,0,1
"Cinta NKRI kok adu otot disitu, Ke Papua ada OPM bersenjata ingin pisah dari NKRI lek, kesana aja bagusan. 

Saya ga merasa terancam tuh dengan  2019 gantipresiden gak ngefek, saya suka jokowi tapi saya butuh presiden baru  ",twitter,0,0,1,0
"Ih April  Bayar che.co pun ga mampu loooh, mas bayar pake remas tetek aja boleh, sumpa ga ada duit loh  ",twitter,1,0,0,0
"Wtc=building demolition, bom bali=mikro nuklir, bom panci low > bom ke melayu hight, fitnah terorisme buatan orang kafir dengan menunggangi awam.",twitter,0,1,1,1
"  si kafir yahudi itu yang pngecut,gak berani perang darat terbuka! Beraninya cuma lempar bom dari psawat,banci itu!! Paham tak uk uk?hhe",twitter,0,1,1,1
"Jangan Hidup seprti kertas ketika di remas akan rusak & tidak bisa kembali lagii.
Hiduplah Seperti TETEK,walau di remas tetep indah dan gemesin.",twitter,1,0,0,0
"  kelakuan driver senior gocar nih.wkwkwkwkwk....orang mau cari rejeki di gocar kok dihalangin.mending  lo suru gocar aja tutup pendaftaran bray, ketauan ga nambah dosa  lo nipu orang yang mau daftar gocar
",kaskus,0,0,0,0
""" Mata Najwa Debat Jakarta Pak Anies sudah meninggalkan ketenangan dan ketulusannya dalam debat malam ini, menjadi agitatif dan licik. semoga kalah kau anjing""",twitter,0,0,0,1
"Grosir kartu kuota Minimal order 20pcs
➡Tsel 30GB = 45k
➡XL 30GB = 42k
➡IM3 36GB = 50k
➡Axis 25GB = 37k
 All 3G/4G
➡JOIN AGEN
order DM/WA  082259952329",instagram,0,0,0,0
ALLHAMDULILLAH TEMEN2KU BERHASIl Jerawat temen2ku hilang juga hanya dalam 3x pakai masker Kece   mau tau masker Kece nya? klik link di Bio aku yah ... oiyah ada diskon free ongkir seluruh indonesia lets goo  ,instagram,0,0,0,0
" sama gan, kesel juga kalo baca berita2 hoax, menyerang kubu2 tertentu.",instagram,0,0,0,0
" Ente berani nagih pajak keamanan non peribumi dari Habib Rizieq, Anies dan Amien Rais?  ]  Mereka (Rizieq, Anies &amp; Amin) dari golongan kelas II (Asia), yang sangat membantu Peribumi Indonesia merebut kemerdekaan dari penjajahan Belanda.   So, ngapain peribumi nagih pajak ke mereka?  Mereka adalah teman    Beda sama si sipit dan golongannya yang pernah mengkhianati bangsa ini.  
",kaskus,0,1,0,0
"Ya allah, mba lucinta luna jangan seksi2 begini, kasiann klu anak2 yang tonton bisa ngerusak akhlak anak2. Mba lucinta luna silahkan mba lakuin apa yang mba lakukan tapi tolong jangan permalukan perempuan seperti ini. Mba lucinta luna pasti lebih cantik kalau misalnya mba memakai pakaian yang menutup aurat ",instagram,0,0,0,0
" heh kontol, jangan sok pemes lu di rp, muka kek memek, orang tua lu kek monyet, agama lu aje agama kontol 38 jancok",twitter,1,0,0,1
"Ahelah, muslim membunuh banyak kafir di tragedi 11 september, bom Bali, dan lain lain. Dan muslim membunuh sesama muslim di Suriah, yemen, dan lain lain

Playing victim at it finest ",twitter,0,1,1,1
"Allahu Akbar Ya Allah, berikanlah keselamatan, kesehatan, dan nikmat rejekimu bagi ummat muslim wabilkhusus imam besar kami, ulama kami, guru kami Habib Rizieq Shihab, berikan beliau ketegaran, kekuatan meghadapi fitnah kaum kafir yang hendak mendzolimi nya..  
",kaskus,0,0,0,1
With Zap Surveys you can make daily extra cash with guaranteed surveys! Check it out in the App Store. ,twitter,1,0,0,0
"Sebenarnya, para pastur dan pendeta ini tidak boleh kita salahkan seratus persen, karena mereka adalah korban dari ajaran alkitab. Mereka berani berbuat seperti itu karena ada ajaran dari alkitab yang merupakan perintah Tuhan. Ketika mereka melakukan homosex, fedopilia, pemerkosaan, pelacuran, pokoknya yang berkaitan dengan skandal sex  sekali lagi jangan salahkan mereka tapi koreksilah darimana mereka dapat inspirasi untuk melakukan perbuatan tak senonoh itu…!   Dibawah ini adalah perintah Tuhan dalam alkitab yang menjadi inspirasi para pastur dan pendeta untuk melakukan hubungan sex bebas. Silahkan baca perintah Tuhan dibawa ini :  BERZINALAH KAMU, NISCAYA TUHAN TIDAK AKAN MENGHUKUM  “AKU TIDAK AKAN MENGHUKUM anak-anak perempuanmu SEKALIPUN MEREKA BERZINAH, atau menantu-menantumu perempuan, sekalipun mereka bersundal; sebab mereka sendiri mengasingkan diri bersama-sama dengan perempuan-perempuan sundal dan mempersembahkan korban bersama-sama dengan sundal-sundal bakti, dan umat yang tidak berpengertian akan runtuh.” (Hosea 4:14)  kimpoiILAH PEREMPUAN SUNDAL, CIPTAKAN KETURUNAN SUNDAL.  “Ketika Tuhan mulai berbicara dengan perantaraan Hosea, berfirmanlah Ia kepada Hosea:   Pergilah, kimpoiilah seorang perempuan sundal dan peranakkanlah anak-anak sundal, karena negeri ini bersundal hebat dengan MEMBELAKANGI TUHAN.   (Hosea 1:2)  BERCINTALAH DENGAN PEREMPUAN SUNDAL PEZINA  “Berfirmanlah Tuhan kepadaku:   Pergilah lagi, cintailah perempuan yang suka bersundal dan berzinah, seperti Tuhan juga mencintai orang Israel, sekalipun mereka berpaling kepada allah-allah lain dan menyukai kue kismis.  ( Hosea 3:1)  JANGAN KUATIR, HONOR PELACURAN AKAN DIKUDUSKAN TUHAN  “Labanya dan UPAH SUNDALNYA AKAN KUDUS BAGI TUHAN, tidak akan ditahan atau disimpan, tetapi dengan labanya itu akan disediakan makanan yang cukup dan pakaian yang indah bagi orang-orang yang diam di hadapan TUHAN.( Yesaya 23:18)  PERKOSALAH, BUATLAH SESUKA HATI  “Tetapi ada ANAKKU PEREMPUAN, yang MASIH PERAWAN, dan JUGA GUNDIK orang itu, baiklah kubawa keduanya ke luar; PERKOSALAH MEREKA dan perbuatlah dengan mereka APA YANG KAMU PANDANG BAIK, tetapi terhadap orang ini janganlah kamu berbuat noda.  ( Hakim-Hakim 19:24)  BERSELINGKUHLAH JIKA SUAMI TIDAK DIRUMAH  “Marilah kita memuaskan birahi hingga pagi hari dan bersama-sama menikmati asmara. Karena suamiku tidak dirumah, ia sedang dalam perjalanan jauh.”( Amsal 7:18-19).
",kaskus,1,1,0,1
"Hallo teman"" yang ingin mengajukan/Apply kartu kredit bank BNI/BCA/UOB/DBS/DANAMON/MEGA/BRI/MNC/CMB dan KTA bisa langsung DM ke kami /via WhatsApp:081291082862
lagii banyak promo nya gratis iuran pertahun
Syarat nya juga gampang bgitu.. Ayoo silahkan teman""  kami tunggu untuk yang ingin mengajukan kartu kredit nyaa
Tanya"" juga boleh akan kami bantu
Trimakasih 
Apply now free!!!",instagram,0,0,0,0
"1. Tujuan teroris adalah khilafah sama seperti sang pemimpin agama mereka yang memenangkan khilafah dengan perang sebanyak 3 kali  2. Teroris mendapatkan informasi dari kelompoknya di timur tengah dan ormas ormas terkenal yang overpower bahwa tempat ibadah di palestina suriah irak arab mesir telah di bom oleh amerika or israel sehingga pembalasan dendam sah sah saja sesuai dengan piagam madinah.  Kematian diganti kematian  3. Teroris medapatkan informasi dari kelompoknya di timur tengah dan ormas ormas indonesia yang overpower bahwa wanita,  anak anak,  orang tua di palestina suriah irak dan lain lain telah dibunuh tanpa alasan oleh amerika or israel sehingga pembalasan dendam sah sah saja sesuai dengan perang bandara melawan suku kurasin yang telah diprovokasi dengan membunuh seorang penjaga yang berasal dari suku kurasin oleh kelompok agama 300 orang ini.   4. Amerika dianggap oleh teroris adalah representasi dari agama kristen.  Sehingga tujuan seranganya sudah dikunci jauh2 hari  5. Belum lama ini amerika memindahkan kedubesnya ke jerusalem sehingga ini adalah pembalasan kepada orang kristen karena alasan nomor 4  6. Setelah mendapatkan khilafah secara logika keluarga sang korban yang telah pindah ke agama setan iblis diminta memaafkan pelaku teroris sehingga dosa mereka terampuni  7. Dengan mengirimkan alpatiha setiap 30 hari dapat menerangi jalan para teroris karena memang akhirnya negara mendapatkan khilafah sehingga semua kebenaran akan hilang secara total.  Dan mereka telah dicatat nama namanya pada saat khilafah nanti nama mereka akan tercantum sebagai pahlawan negara.  Seperti ke 300 tentara bandara  8. Penyangkalan berguna untuk melemahkan non yang oportunis sehingga dapat pindah ke agama setan iblis seperti cina di cianjur sehingga dapat menjadi saksi palsu bagi non lainnya  9. Mengebom sesama agama itu tidak rugi karena membantu sesama agama untuk tidak hilap lagi melindungi kafir dan membantu mereka lebih cepat ke surga.  Karena agama mereka fix kesurga cuma disentil sedikit kl tidak sembayang 5x sehari sesuai dengan perkataan yahya sang murtadin kristen  10. Hal ini dilihat sangat efektif karena semakin setiap hari disangkal maka semakin enjoy negara ini menikmati pengeboman seperti tidak terjadi apa apa.  Karena tidak ada rugi bagi agama setan iblis sebab pengebom,  korban bom dari saudara seiman akan masuk surga.  Sedangkan korban kafir cukup diucapkan belasungkawa dan mengutuk aksi ini tapi tetap masuk neroko .  11. PS.  Untuk pengebom masuk kesurganya ditangguhkan dahulu sampai negara khilafah karena sekarang masih disangkal.  Tapi setelah sang keluarga kafir pindah agama jadi agama setan iblis maka mereka akan memaafkan segala kesalahan teroris sehingga dapat memuluskan jalan mereka untuk pindah dari neraka ke surga sesuai ajaran mereka.  Ini benar benar ada diajaran mereka. 
",kaskus,0,1,1,0
"5. Khilafah adl akad di antara akad-akad yang harus dipehuni Hai orang-orang yang beriman, penuhilah akad-akad itu (QS al-Maidah [5] : 1)",twitter,0,0,1,0
Udah mendingan gini aja kak rambutnya gausaaa di neko neko kayak kemaren udah bagusan gini .,instagram,0,0,0,0
"""Maklumat FPI tentang Aksi Bela Palestina"" dan ""Amanat Imam Besar FPI Habib Muhammad Rizieq Syihab""

",twitter,0,0,0,0
"Ditunggu aksinya om hari ini. Kantor bolt. OH LO ORANG BOLOT TERNYATA? PANTESAN kayak TAI BISANYA BOKER DIBALIK GEDUNG ORANG. MAIN KANDAAANG  Alesan konyol tapi merupakan fakta.   free vpn. Open vpn. Ssh client. Apalagi cari cara supaya inet gratis pakai network bolt. Banyak gue liat di google tuh.   GA CUMA BOLT AJA TAPI SEMUA PROVIDER DITAWARIN BERBAGAIMACAM CARA BUAT INET GRATIS DI GOOGLE..JADI GA CUMA BOLT DOANG. DAN SEPANJANG PROVIDER YANG ADA..BOLT PALING MINUS..NGACA LAH COY..ITU FB FANPAGE ISINYA kayak APAAN...MAYORITAS SEMUANYA KOMENTAR NEGATIF..COBA FB PROVIDER LAIN..gue YAKIN GA SEBANYAK DI FB BOLT  KENAPA? MODEM PELANGGAN BNYK yang RUSAK, KONEKSI DILIMIT, BANYAK KONSUMEN DITIPU karena GA BISA CABUT karena KONTRAK SETAUN, PASCABAYAR TAPI OPTIMASINYA DIBAWAH PRABAYAR...KAN IDIOT! 
",kaskus,0,0,0,0
"Negara asaskan Islam.. tapi 19 menteri kafir, bagi lah laluan kat cina, 5 tahun lagi melayu pulak kena usir dari tanah melayu.. sekarang senanglah cakap perpaduan, tak sedar cina pulak bersatu sesame mereka, melayu begadoh",twitter,0,1,1,1
" mbak pernah dengar tentang pernikahan poligami ustad alhabsy? Dan itu membuat saya jadi bingung bahkan sedikit ngeri dengan makna poligami saat ini..beliau ustad yang seharusnya jadi teladan bagi jemaahnya tapi ternyata  tidak bisa menerapkan syarat utama seperti yang mbak jelaskan yaitu ""ridho isteri pertama"" nikah siri diam2 tanpa sepengetahuan isteri pertama apa dibenarkan mbak? Sedih saya ",instagram,0,0,0,0
"Jangan2 nanti muncul akun ""khilafah"" di Kaskus, harus di verified account  ga tau niy gan, belum kenal  ",twitter,0,0,1,0
"Woooww .. Gila parah barang IMPOR murah tapi ga MURAHAN ya. Ada BAJU.SEPETU.MAKEUP SALE.CD impor. SOFLEN 40 ribuan  keren"" banget .kamu wajib follow ig kita ya dan tiap hari upload barang baru",instagram,0,0,0,0
"2019 ganti agama Tinggalkan Agama yang bisa menjadikan anda menjadi teroris Biadab, membunuh atas dasar agama, membunuh untuk membela Tuhan, membunuh untuk membela nabi,membunuh untuk membela kitab suci Ajaran-ajaran ngawur itu semuanya  Lihat tuh kelakuannya  Biadab kan   
",kaskus,0,1,0,1
"Tante Jilbab Sepong Kontol Gede Mulut Sampe Gak Muat: Foto Tante Jilbab Sepong Kontol Gede, foto sex, foto pan... ",twitter,1,0,0,0